sequence,company,city,state,acquirer,date_str,date,commodities_handled,note
N001,Hydrox Corporation,Chicago,Illinois,N.D.P.C.,"""12/8/23""",1923-12-08,Ice Cream; Bevarages,
N002,Hydrox Co. of Ind.,Hammond,Indiana,N.D.P.C.,"""12/8/23""",1923-12-08,Ice Cream; Bevarages,
N003,"Bhecvers Ice Cream Co., Inc.",Long Island City,New York,N.D.P.C.,"""12/8/23""",1923-12-08,Ice Cream; Bevarages,
N004,Rieck-McJunkin Dairy Co.,Pittsburgh,Pennsylvania,N.D.P.C.,"""1/12/24""",1924-01-12,Milk; Cream; Ice Cream; Other Milk Products,
N005,Pittsburgh Ice Cream Co.,Pittsburgh,Pennsylvania,N.D.P.C.,"""1/12/24""",1924-01-12,Ice Cream,
N006,Rieck Certified Dairy Farm Co.,Rootstown,Ohio,N.D.P.C.,"""1/12/24""",1924-01-12,Milk,
N007,Ohio Milk Sugar Co.,Farmdale,Ohio,N.D.P.C.,"""1/12/24""",1924-01-12,Casein; Milk; Sugar and Albumen,
N008,The J. T. Castles Ice Cream Company,Irvington,New Jersey,N.D.P.C.,"""5/14/24""",1924-05-14,Ice Cream,
N009,Castles Ice Cr. Co. of Perth Amboy,Perth Amboy,New Jersey,N.D.P.C.,"""5/14/24""",1924-05-14,Ice Cream,
N010,The W. E. Hoffman Co.,Altoona,Pennsylvania,Rieck-McJunkin Dairy Co.,"""6/1/24""",1924-06-01,Ice Cream; Milk; Cream; Butter; Other Milk Products,
N011,Durkin Ice Cream Co.,Waukegan,Illinois,Hydrox Corp.,"""9/1/24""",1924-09-01,Ice Cream,
N012,Moore Brothers Co.,Oil City,Pennsylvania,N.D.P.C.,"""11/20/24""",1924-11-20,Milk; Cream; Ice Cream; Butter; Cheese,
N013,"Chapell Ice Cream Co., Inc.",Chicago,Illinois,N.D.P.C.,"""1/8/25""",1925-01-08,Ice Cream,
N014,Thompson Ice Cream Co. Inc.,Chicago,Illinois,N.D.P.C.,"""1/8/25""",1925-01-08,Ice Cream,
N015,William Olhaver Co.,Aurora,Illinois,Hydrox Corp.,"""1/15/25""",1925-01-15,Ice Cream,
N016,C. E. Clark,Indiana,Pennsylvania,The W. E. Hoffman Co.,"""2/2/25""",1925-02-02,Ice Cream,
N017,Bridgeman-Russell Co. Inc.,Long Island City,New York,N.D.P.C.,"""3/2/25""",1925-03-02,Ice Cream,
N018,Clover Farm Dairy Co.,Memphis,Tennessee,N.D.P.C.,"""4/30/25""",1925-04-30,Milk; Cream; Ice Cream; Other Milk Products,
N019,Lily Ice Cream Co.,Memphis,Tennessee,N.D.P.C.,"""4/30/25""",1925-04-30,Ice Cream,
N020,Erie County Milk Assn.,Erie,Pennsylvania,Rieck-McJunkin Dairy Co.,"""5/16/25""",1925-05-16,Milk; Cream; Ice Cream; Other Milk Products,
N021,Allen Ice Cream Co.,Rockford,Illinois,Hydrox Corp.,"""5/29/25""",1925-05-29,Ice Cream,
N022,American Ice Cream & Baking Co.,(Joliet?),(Illinois?),Hydrox Corp.,"""6/1/25""",1925-06-01,Ice Cream,"Magazine of Wall Street 1925-12-19 vol.37 iss.4 wrote as acquired by NDPC, and The Northwestern Miller 1926-01-13 vol.145 iss.2 wrote as acquired by Keig-Stevens Baking Co., Rockford,"
N023,Louis Mogolia,Morristown,New Jersey,The J. T. Castles Ice Cr. Co.,"""6/13/25""",1925-06-13,Ice Cream,
N024,Humphries-Philadelphia Ice Cream Co.,Brooklyn,New York,"Edward E. Rieck Co. Inc, (operated under N.D.P.C.)","""8/1/25""",1925-08-01,Ice Cream,
N025,Carpenter Ice Cream Co.,St. Louis,Missouri,N.D.P.C.,"""8/11/25""",1925-08-11,Ice Cream,
N026,Lake City Ice Cream Co.,Jamestown,New York,Erie County Milk Assn.,"""8/17/25""",1925-08-17,Ice Cream,
N027,Lavant Ice Cream Co.,Jamestown,New York,Lake City Ice Cr. Co.,"""8/31/25""",1925-08-31,Ice Cream,
N028,Jamestown Ice Cream Co. Inc.,Jamestown,New York,N.D.P.C.,"""9/2/25""",1925-09-02,Ice Cream; Other Milk Products,
N029,Nashville Pure Milk Co.,Nashville,Tennessee,N.D.P.C.,"""9/29/25""",1925-09-29,Milk; Cream; Butter; Other Milk Products,
N030,Albert Bonomo,Brooklyn,New York,"Edward E. Rieck Co. Inc, (operated under N.D.P.C.)","""9/30/25""",1925-09-30,Ice Cream,
N031,Supplee-Wills-Jones Milk Co.,Philadelphia,Pennsylvania,N.D.P.C.,"""11/6/25""",1925-11-06,Milk; Cream; Ice Cream; Other Milk Products,
N032,Newark Milk Company,Newark,New Jersey,N.D.P.C.,"""11/6/25""",1925-11-06,Milk; Cheese; Condensed Milk,
N033,Sheffield Farms Co. Inc.,New York,New York,N.D.P.C.,"""12/1/25""",1925-12-01,Milk; Cream; Butter; Cheese; Other Milk Products,
N034,Sheffield Condensed Milk Co. Inc.,New York,New York,N.D.P.C.,"""12/1/25""",1925-12-01,Evaporated Milk; Condensed Milk,
N035,Sheffield By-Products Co. Inc.,New York,New York,N.D.P.C.,"""12/1/25""",1925-12-01,Casein; Milk Sugar; Other Milk Products,
N036,Union Ice Cream Co.,Nashville,Tennessee,N.D.P.C.,"""12/10/25""",1925-12-10,Ice Cream,
N037,The Franklin Ice Cream Co.,Kansas City,Missouri,N.D.P.C.,"""12/11/25""",1925-12-11,Ice Cream; Cream; Condensed Milk,
N038,Harding Cream Co.,Omaha,Nebraska,N.D.P.C.,"""12/18/25""",1925-12-18,Butter; Ice Cream; Other Milk Products,
N039,The Breyer Corp.,Philadelphia,Pennsylvania,N.D.P.C.,"""12/28/25""",1925-12-28,Holding Co.,
N040,Breyer Ice Cream Co.,Philadelphia,Pennsylvania,N.D.P.C.,"""12/28/25""",1925-12-28,Ice Cream; Milk; Cream; Butter,
N041,Breyer Ice Cream Co. Inc.,Long Island City,New York,N.D.P.C.,"""12/28/25""",1925-12-28,Ice Cream,
N042,Crescent Ice Cream Co.,Rockford,Illinois,Allen Ice Cream Co.,"""12/28/25""",1925-12-28,Ice Cream,
N043,Titusville Butter A Egg Co.,Titusville,Pennsylvania,Moore Bros. Co.,"""12/28/25""",1925-12-28,Butter; Eggs,
N044,Consolidated Buttermilk Corp.,Chicago,Illinois,N.D.P.C.,"""1/20/26""",1926-01-20,Holding Company,
N045,Consolidated Products Co.,Chicago,Illinois,N.D.P.C.,"""1/20/26""",1926-01-20,Semi-solid Buttermilk,
N046,Canadian United Products Co. Ltd.,(Winnipeg/Montreal?),(_Canada?),N.D.P.C.,"""1/20/26""",1926-01-20,Semi-solid Buttermilk,"Subsidary company of Consolidated Products Co., Winnipeg Evening Tribune, 1926-May-13 p.19 https://digitalcollections.lib.umanitoba.ca/islandora/object/uofm%3A1636331 https://archive.org/details/sim_financial-times_1926-06-04_15_1/page/n15/mode/1up?q=%22A.+P.+Hunt%22+%22Consolidated+Products%22 https://cdnc.ucr.edu/?a=d&d=OT19261110.1.27 (redemption of Consolidated Products Co)"
N047,Laher Ice Cream Co.,Bedford,Pennsylvania,The W. E. Hoffman Co.,"""3/26/26""",1926-03-26,Ice Cream; Other Milk Products,
N048,Luick Ice Cream Co.,Milwaukee,Wisconsin,N.D.P.C.,"""8/13/26""",1926-08-13,Ice Cream,
N049,Oak Brand Ice Cream Co.,Rockford,Illinois,Allen Ice Cream Co.,"""12/31/26""",1926-12-31,Ice Cream,
N050,Collis Products Co.,Clinton,Pennsylvania,N.D.P.C.,"""5/25/27""",1927-05-25,Dry Buttermilk,
N051,"Highland Dairies, Inc.",Bryn Mawr,Pennsylvania,N.D.P.C.,"""6/27/27""",1927-06-27,Milk,
N052,Trapp Brothers Dairy Co.,Milwaukee,Wisconsin,N.D.P.C.,"""10/5/27""",1927-10-05,Milk; Cream; Other Milk Products,
N053,Real Ice Cream Company,Omaha,Nebraska,Harding Cream Co.,"""12/19/27""",1927-12-19,Ice Cream,
N054,"Breakstone Brothers, Inc.",New York,New York,N.D.P.C.,"""1/12/28""",1928-01-12,Cheese; Butter; Cream; Other Milk Products,
N055,Palisade Cheese Company,New York,New York,N.D.P.C.,"""1/12/28""",1928-01-12,Cheese; Other Milk Products,
N056,St. Louis Dairy Company,(St. Louis?),(Missouri?),N.D.P.C.,"""2/28/28""",1928-02-28,Milk; Cream; Butter; Ice Cream; Other Milk Products,St. Louis Post-Dispatch  1928-04-07: Vol 80 Iss 213
N057,South Side Dairy Prods. Co.,Oil City,Pennsylvania,Moore Bros. Co.,"""3/21/28""",1928-03-21,Milk,
N058,Jersey Ice Cream Company,Columbus,Nebraska,Harding Cream Co.,"""3/23/28""",1928-03-23,Ice Cream,
N059,The Telling-Belle-Vernon Co.,Cleveland,Ohio,N.D.P.C.,"""4/26/28""",1928-04-26,Milk; Cream; Ice Cream; Other Milk Products,
N060,The Baker-Tabor Ice Cr.Co.,Cleveland,Ohio,N.D.P.C.,"""4/26/28""",1928-04-26,Ice Cream,
N061,The Peerless Ice Cr. Company,Cleveland,Ohio,N.D.P.C.,"""4/26/28""",1928-04-26,Ice Cream,
N062,The Tahor Ice Cream Company,Cleveland,Ohio,N.D.P.C.,"""4/26/28""",1928-04-26,Ice Cream,
N063,The Belle-Vernon Mapes Co.,Cleveland,Ohio,N.D.P.C.,"""4/26/28""",1928-04-26,Milk; Cream; Other Milk Products,
N064,The Telling Brothers Co.,Cleveland,Ohio,N.D.P.C.,"""4/26/28""",1928-04-26,Milk; Cream; Other Milk Products,
N065,Roberts Dairy Co.,Buffalo,New York,N.D.P.C.,"""4/27/28""",1928-04-27,Ice Cream,
N066,The Tri-State Butter Company,Cincinnati,Ohio,N.D.P.C.,"""5/12/28""",1928-05-12,Butter; Buttermilk,
N067,The Chas. H. Hess Co.,Cincinnati,Ohio,N.D.P.C.,"""5/12/28""",1928-05-12,Butter; Buttermilk,
N068,Alex Grossman & Co.,New York,New York,Harding Creamery Company,"""9/4/28""",1928-09-04,Butter; Buttermilk,
N069,Peoples Sanitary Dairy,Norristown,Pennsylvania,Supplee-Wills-Jones Milk Co.,"""9/6/28""",1928-09-06,Milk; Other Milk Products,
N070,Consumers Dairy Company,Union City,New Jersey,N.D.P.C.,"""10/1/28""",1928-10-01,Milk; Cream; Butter; Cheese; Other Milk Products,
N071,Keystone Dairy Company,Hoboken,New Jersey,N.D.P.C.,"""10/1/28""",1928-10-01,Milk; Cream; Ice Cream; Other Milk Products,
N072,Arctic Dairy Prod. Company,Detroit,Michigan,N.D.P.C.,"""10/29/28""",1928-10-29,Ice Cream; Cream; Milk; Butter; Other Milk Prodicts,
N073,Rockford Ice Cream Company,Grand Rapids,Michigan,N.D.P.C.,"""10/29/28""",1928-10-29,Ice Cream,
N074,General Ice Cream Corp.,Schenectady,New York,N.D.P.C.,"""11/5/28""",1928-11-05,Ice Cream; Milk,
N075,Albany Ice Cream Co. Inc.,Albany,New York,N.D.P.C.,"""11/5/28""",1928-11-05,Ice Cream,
N076,Amsterdam Ice Cream Co. Inc.,Amsterdam,New York,N.D.P.C.,"""11/5/28""",1928-11-05,Ice Cream,
N077,Binghamton Ice Cream Company,Binghamton,New York,N.D.P.C.,"""11/5/28""",1928-11-05,Ice Cream,
N078,Cataract Ice Cream Company,Niagara Falls,New York,N.D.P.C.,"""11/5/28""",1928-11-05,Ice Cream,
N079,Clayton Ice Cream Co. Inc.,(Clayton?),(New York?),N.D.P.C. (General Ice Cream Co.),"""11/5/28""",1928-11-05,Ice Cream,NDPC Annual Report 1928
N080,Coon Ice Cream Co. Inc.,Lewiston,New York,N.D.P.C.,"""11/5/28""",1928-11-05,Ice Cream,
N081,Dolbey Ice Cream Co. Inc.,Providence,Rhode Island,N.D.P.C.,"""11/5/28""",1928-11-05,Ice Cream,
N082,"Eastern Dairies, Inc.",Springfield,Massachusetts,N.D.P.C.,"""11/5/28""",1928-11-05,Ice Cream,
N083,Elmira Ice Cream Co. Inc.,Elmira,New York,N.D.P.C.,"""11/5/28""",1928-11-05,Ice Cream,
N084,Franklin Creameries Corp.,Springfield,Massachusetts,N.D.P.C.,"""11/5/28""",1928-11-05,Milk; Cream; Condensed Milk,
N085,Geneva Ice Cream Co. Inc.,Geneva,New York,(General Ice Cream?),"""11/5/28""",1928-11-05,Ice Cream,N.D.P.C. Annual Report
N086,Hoefler Ice Cream Co. Inc.,Buffalo,New York,N.D.P.C.,"""11/5/28""",1928-11-05,Ice Cream,
N087,Hawe Ice Cream Co.,Rutland,Vermont,N.D.P.C.,"""11/5/28""",1928-11-05,Ice Cream,
N088,International Ice Cream Co.,Schenectady,New York,N.D.P.C.,"""11/5/28""",1928-11-05,Ice Cream,
N089,Kent Ice Cream Co. Inc,Burlington,Vermont,N.D.P.C.,"""11/5/28""",1928-11-05,Ice Cream,
N090,Kirk-Maher Ice Cream Co.,Watertown,New York,N.D.P.C.,"""11/5/28""",1928-11-05,Ice Cream,
N091,Lake Shore Ice Cream Co.,Erie,Pennsylvania,N.D.P.C.,"""11/5/28""",1928-11-05,Ice Cream,
N092,Made-Rite Ice Cream Co. Inc.,New Bedford,Pennsylvania,N.D.P.C.,"""11/5/28""",1928-11-05,Ice Cream,
N093,Mansion House Ice Cr. Company,East Cambridge,Massachusetts,N.D.P.C.,"""11/5/28""",1928-11-05,Ice Cream,
N094,New Haven Dairy Co.,Cambridge,Massachusetts,N.D.P.C.,"""11/5/28""",1928-11-05,Milk; Ice Cream,
N095,Norton Ice:eream Co.,Rutland,Vermont,N.D.P.C.,"""11/5/28""",1928-11-05,Ice Cream,
N096,"O. K. Ice Cream Company, Inc.",Binghamton,New York,N.D.P.C.,"""11/5/28""",1928-11-05,Ice Cream,
N097,Oneonta Ice Cream Co. Inc.,Oneonta,New York,N.D.P.C.,"""11/5/28""",1928-11-05,Ice Cream,
N098,Peerless Ice Cream Co.,Niagara Falls,New York,N.D.P.C.,"""11/5/28""",1928-11-05,Ice Cream,
N099,Rochester Ice Cream Co. Inc.,(Rochester?),(New York?),N.D.P.C. (General Ice Cream Co.),"""11/5/28""",1928-11-05,Ice Cream,NDPC Annual Report 1928
N100,Lemon Ice Cream Co. Inc.,New Haven,Connecticut,N.D.P.C.,"""11/5/28""",1928-11-05,Ice Cream,
N101,Syracuse Ice Cream Co. Inc.,Syracuse,New York,N.D.P.C.,"""11/5/28""",1928-11-05,Ice Cream,
N102,"Tait Brothers, Inc.",Springfield,Massachusetts,N.D.P.C.,"""11/5/28""",1928-11-05,Milk; Milk Products,
N103,"Taylor Creameries, Inc.",Buffalo,New York,N.D.P.C.,"""11/5/28""",1928-11-05,Milk; Cream; Other Milk Products,
N104,Utica lee Cream Co. Inc.,Utica,New York,N.D.P.C.,"""11/5/28""",1928-11-05,Ice Cream,
N105,Wagars' Inc.,Troy,New York,N.D.P.C.,"""11/5/28""",1928-11-05,Ice Cream,
N106,What Cheer Creamery Co.,Providence,Rhode Island,N.D.P.C.,"""11/5/28""",1928-11-05,Ice Cream,
N107,Wheat's Ice Cream Co. Inc.,Buffalo,New York,N.D.P.C.,"""11/5/28""",1928-11-05,Ice Cream,
N108,Fro-Joy Ice Cream Co. Inc.,Schenectady,New York,N.D.P.C.,"""11/5/28""",1928-11-05,Ice Cream,
N109,General Ice Cream Co. Ltd.,Ontario,_Canada,N.D.P.C.,"""11/5/28""",1928-11-05,Ice Cream,
N110,Baker-Evans Ice Cream Co.,Cleveland,Ohio,N.D.P.C.,"""11/12/28""",1928-11-12,Ice Cream,
N111,The Wilson Ice Cream Co.,Huntington,West Virginia,N.D.P.C.,"""11/12/28""",1928-11-12,Ice Cream,
N112,The Akon Pure Milk Co.,Akron,Ohio,N.D.P.C.,"""11/23/28""",1928-11-23,Milk; Cream; Other Milk Products,
N113,The Sanitary Milk Co.,Canton,Ohio,N.D.P.C.,"""11/23/28""",1928-11-23,Milk; Cream; Ice Cream; Other Milk Products,
N114,Simmons & Hammond Mfg. Co.,Portland,Maine,N.D.P.C.,"""12/21/28""",1928-12-21,Ice Cream; Cream,
N115,W. R. Bell,Homer City,Pennsylvania,Rieck-McJunkin Dairy Co.,"""12/27/28""",1928-12-27,Milk,
N116,O. P. Lanfer,Everett,Pennsylvania,Laher Ice Cream Co.,"""1/3/29""",1929-01-03,Ice Cream,
N117,The Ohio Cloverleaf Dairy Company,Toledo,Ohio,N.D.P.C.,"""1/10/29""",1929-01-10,Milk; Cream; Butter; Buttermilk,
N118,Chestnut Farms Dairy lnc.,Washington,D.C.,N.D.P.C.,"""1/15/29""",1929-01-15,Milk; Cream; Other Milk Products,
N119,J. D. Roszell Co.,Peoria,Illinois,N.D.P.C.,"""1/15/29""",1929-01-15,Milk; Ice Cream; Other Milk Products,
N120,"Wisconsin Creamery, Inc.",Milwaukee,Wisconsin,N.D.P.C.,"""1/18/29""",1929-01-18,Milk; Cream; Ice Cream; Butter; Other Milk Products,
N121,American Ice Cream Co.,Madison,Wisconsin,N.D.P.C.,"""1/18/29""",1929-01-18,Ice Cream,
N122,Bendfelt Ice Cream Co.,Milwaukee,Wisconsin,N.D.P.C.,"""1/18/29""",1929-01-18,Ice Cream,
N123,Blommer Ice Cream Co.,Milwaukee,Wisconsin,N.D.P.C.,"""1/18/29""",1929-01-18,Ice Cream,
N124,Cedarburg Dairy Co.,Cedarburg,Wisconsin,N.D.P.C.,"""1/18/29""",1929-01-18,Milk; Ice Cream,
N125,Waukesha Milk Company,Waukesha,Wisconsin,N.D.P.C.,"""1/18/29""",1929-01-18,Milk; Ice Cream,
N126,Consumers Dairy Co.,Jackson,Michigan,N.D.P.C.,"""1/24/29""",1929-01-24,Milk; Cream; Other Milk Products,
N127,Ebling Creamery Co.,Detroit,Michigan,N.D.P.C.,"""1/26/29""",1929-01-26,Milk; Cream; Butter; Other Milk Products,
N128,"City Dairies, Inc.",Detroit,Michigan,N.D.P.C.,"""1/26/29""",1929-01-26,Milk; Cream; Butter; Other Milk Products,
N129,Highland Park-Schlaff-Wilson Cr. Co.,Detroit,Michigan,N.D.P.C.,"""1/26/29""",1929-01-26,Milk; Cream; Butter; Other Milk Products,
N130,Highland Park Cr'y. Co.,Detroit,Michigan,N.D.P.C.,"""1/26/29""",1929-01-26,Milk; Cream; Butter; Other Milk Products,
N131,John Schiaff Creamery Co.,Detroit,Michigan,N.D.P.C.,"""1/26/29""",1929-01-26,Milk; Cream; Butter; Other Milk Products,
N132,The Wilson Creamery Co.,Detroit,Michigan,N.D.P.C.,"""1/26/29""",1929-01-26,Milk; Cream; Butter; Other Milk Products,
N133,Mayflower Ice Crftam Co.,Altoona,Pennsylvania,W. E. Hoffman Co.,"""1/28/29""",1929-01-28,Ice Cream,
N134,Citizens Dairy Co.,Flint,Michigan,Arctic Dairy Prod. Co.,"""1/30/29""",1929-01-30,Milk; Cream; Butter; Buttermilk,
N135,The Clover Dairy Co.,Wilmington,Delaware,N.D.P.C.,"""1/31/29""",1929-01-31,Milk; Cream; Butter; Other Milk Products,
N136,Bridgeman Dairy Co.,Flint,Michigan,Arctic Dairy Prod. Co.,"""2/1/29""",1929-02-01,Dairy Products,
N137,The Jersey Ice Cream Co.,Lawrence,Massachusetts,N.D.P.C.,"""2/1/29""",1929-02-01,Ice Cream,
N138,National Creamery Co.,Boston,Massachusetts,N.D.P.C.,"""2/1/29""",1929-02-01,Butter; Cheese; Eggs,
N139,Dies-Fertig Company,Dover,Ohio,The Telling Belle-Vernon Co.,"""2/19/29""",1929-02-19,Cheese,
N140,"John H. Muller Dairies, Inc.",New York,New York,"Muller Dairies, Inc. (operated under N.D.P.C.)","""2/20/29""",1929-02-20,Milk; Cream; Other Milk Products,
N141,"Fred H. Muller, Inc.",Long Island City,New York,"Muller Dairies, Inc. (operated under N.D.P.C.)","""2/20/29""",1929-02-20,Milk; Cream; Other Milk Products,
N142,The Shetler lee Cream Company,Bellaire,Ohio,N.D.P.C.,"""3/4/29""",1929-03-04,Ice Cream,
N143,"Sussex Dairy Farms Produc ts, Inc.",Westwood,New Jersey,Sheffield Farms Co. Inc.,"""4/10/29""",1929-04-10,Milk; Milk Products,
N144,Batavia Ice Cream Co. Inc.,Batavia,New York,General Ice Cream Corp.,"""4/11/29""",1929-04-11,Ice Cream,
N145,The Youngstown Sanitary Milk Co.,Youngstown,Ohio,N.D.P.C.,"""4/13/29""",1929-04-13,Milk; Cream; Ice Cream; Butter; Other Milk Products,
N146,The Ohio Pure Milk Co.,Youngstown,Ohio,N.D.P.C.,"""4/13/29""",1929-04-13,Milk; Cream; Butter; Other Milk Products,
N147,"W. R. Ruhlman & Son, Inc.",Toledo,Ohio,N.D.P.C.,"""4/13/29""",1929-04-13,Milk; Cream; Butter; Other Milk Products,
N148,Ohio-Toledo Ice Cream Co.,Toledo,Ohio,N.D.P.C.,"""4/18/29""",1929-04-18,Ice Cream,
N149,Findlay Dairy Co. Inc.,Toledo,Ohio,N.D.P.C.,"""4/18/29""",1929-04-18,Milk; Cream; Ice Cream; Butter; Other Milk Products,
N150,Hall's Ice Cream Co.,Juniata,Pennsylvania,The W. E. Hoffman Co.,"""4/30/29""",1929-04-30,Ice Cream,
N151,"Dodds-Alderney Dairy, Inc.",Buffalo,New York,N.D.P.C.,"""5/2/29""",1929-05-02,Milk; Cream,
N152,"Queen City Dairy Co., Inc.",Buffalo,New York,N.D.P.C.,"""5/2/29""",1929-05-02,Milk; Cream,
N153,Arctic Cream Co.,Fremont,Nebraska,N.D.P.C.,"""5/4/29""",1929-05-04,Ice Cream,
N154,Piper Ice Cr. Co. of Muskegon,Muskegon,Michigan,N.D.P.C.,"""5/8/29""",1929-05-08,Ice Cream (new company of same name organized to protect name),
N155,Supreme Ice Cream Co.,Detroit,Michigan,N.D.P.C.,"""5/13/29""",1929-05-13,Ice Cream,
N156,Louis M.Sagal,New Haven,Connecticut,N.D.P.C.,"""5/16/29""",1929-05-16,Milk; Ice Cream,
N157,Decatur Ice Cream Company,Decatur,Illinois,N.D.P.C.,"""5/23/29""",1929-05-23,Milk; Ice Cream; Butter,
N158,Foster's Dairy Prod.,Peoria,Illinois,N.D.P.C.,"""5/29/29""",1929-05-29,Ice Cream,
N159,Washington Dairy Co.,Peoria,Illinois,N.D.P.C.,"""5/29/29""",1929-05-29,Milk; Ice Cream; Butter; Other Milk Products,
N160,Louis Feingold,Bronx,New York,"Breakstone Bros., Inc.","""6/1/29""",1929-06-01,Whipped Butter,
N161,Loren D. Vidder,Royal Oak,Michigan,Eblign Creamery Co.,"""6/1/29""",1929-06-01,Milk,
N162,Cream Products Co.,Peoria,Illinois,N.D.P.C.,"""6/10/29""",1929-06-10,Ice Cream,
N163,The Detroit Creamery Company,Detroit,Michigan,N.D.P.C.,"""6/10/29""",1929-06-10,Milk; Cream; Ice Cream; Butter; Other Milk Products,
N164,Clinton Creamery Co.,Elsie,Michigan,N.D.P.C.,"""6/10/29""",1929-06-10,Milk; Cream; Condensed Milk; Other Milk Products,
N165,Fleming Ice Cream Co.,Jackson,Michigan,N.D.P.C.,"""6/10/29""",1929-06-10,Ice Cream,
N166,Grand Rapids Creamery Company,Grand Rapids,Michigan,N.D.P.C.,"""6/10/29""",1929-06-10,Milk; Cream; Butter; Other Milk Products,
N167,Allendale Creamery Co.,Allendale,Michigan,N.D.P.C.,"""6/10/29""",1929-06-10,Cream; Butter,
N168,Sanitary Milk Co.,Grand Rapids,Michigan,N.D.P.C.,"""6/10/29""",1929-06-10,Milk; Cream; Butter; Cheese,
N169,Square Deal Milk Company,Detroit,Michigan,N.D.P.C.,"""6/10/29""",1929-06-10,Milk; Milk Products,
N170,Valley City Creamery,Grand Rapids,Michigan,N.D.P.C.,"""6/10/29""",1929-06-10,Milk; Cream,
N171,Pontiac Dairy Co.,Pontiac,Michigan,N.D.P.C.,"""6/10/29""",1929-06-10,Milk; Ice Cream; Butter; Other Milk Products,
N172,White Ice Cream Company,Flint,Michigan,N.D.P.C.,"""6/10/29""",1929-06-10,Ice Cream,
N173,Williams Ice Cream Company,Saginaw,Michigan,N.D.P.C.,"""6/10/29""",1929-06-10,Ice Cream; Ice Cream Mix; Milk; Cream,
N174,Wilson Ice Cream Co.,Port Huron,Michigan,N.D.P.C.,"""6/10/29""",1929-06-10,Ice Cream,
N175,Deerfoot Farms Co.,Southborough,Massachusetts,N.D.P.C.,"""6/11/29""",1929-06-11,Milk; Cream; Other Milk Products; Pork Products,
N176,Cameron Ice Cream Company,Lowell,Massachusetts,N.D.P.C.,"""6/12/29""",1929-06-12,Ice Cream,
N177,Sam Altschuler,Pittsburgh,Pennsylvania,Rieck-McJunkin Dairy Co.,"""6/15/29""",1929-06-15,Milk,
N178,"Anderson & Patterson, Inc.",Worcester,Massachusetts,N.D.P.C.,"""6/17/29""",1929-06-17,Ice Cream,
N179,Sinclair Ice Cream Co.,Galesburg,Illinois,N.D.P.C.,"""6/22/29""",1929-06-22,Ice Cream,
N180,The Bryant & Chapman Co.,Hartford,Connecticut,N.D.P.C.,"""6/25/29""",1929-06-25,Milk; Cream; Butter; Other Milk Products,
N181,Schupp Dairy Co.,Buffalo,New York,Dodds Alderney Dairy Co.,"""7/1/29""",1929-07-01,Milk,
N182,John H. Doscher Co.,New York,New York,"Muller Dairies, Inc. (operated under N.D.P.C.)","""7/17/29""",1929-07-17,Milk,
N183,The Ann Arbor Dairy Corp.,Ann Arbor,Michigan,N.D.P.C.,"""7/18/29""",1929-07-18,Milk; Cream; Ice Cream; Butter; Other Milk Products,
N184,Bowman Priebe Ovson Co.,Chicago,Illinois,N.D.P.C.,"""7/19/29""",1929-07-19,Packing; Freezing Eggs,
N185,National Ice Cream Co.,Louisville,Kentucky,N.D.P.C.,"""7/23/29""",1929-07-23,Milk; Cream; Ice Cream; Skim Milk,
N186,Maple Grove Farms,New York,New York,"Muller Dairies, Inc. (operated under N.D.P.C.)","""7/25/29""",1929-07-25,Milk,
N187,The Matthews Selected Dairies Co.,Cincinnati,Ohio,N.D.P.C.,"""8/6/29""",1929-08-06,Milk; Cream; Butter; Other Milk Products,
N188,Westphal & Sons Milk Prod. Co.,Hartford,Wisconsin,N.D.P.C.,"""8/14/29""",1929-08-14,Milk; Cream; Butter; Cheese,
N189,Satin Ice Cream Co.,Omaha,Nebraska,N.D.P.C.,"""8/26/29""",1929-08-26,Ice Cream,
N190,The Hiland Dairy Co.,Newport,Kentucky,N.D.P.C.,"""8/31/29""",1929-08-31,Milk; Cream; Butter; Cheese,
N191,Frechtling Dairy Co.,Hamilton,Ohio,N.D.P.C.,"""9/3/29""",1929-09-03,Milk; Cream; Ice Cream; Other Milk Products,
N192,A. & L. White Lily Dairy Co.,Belleville,Illinois,N.D.P.C.,"""9/6/29""",1929-09-06,Milk,
N193,Walter Burke,Pittsburgh,Pennsylvania,Rieck-McJunkin,"""9/16/29""",1929-09-16,Milk,
N194,A. L. Lockwood Ice Cream Corp.,Utica,New York,N.D.P.C.,"""9/19/29""",1929-09-19,Ice Cream,
N195,Feldman Milk & Cream Co.,Newport,Kentucky,N.D.P.C.,"""9/26/29""",1929-09-26,Milk; Cream; Ice Cream; Butter; Buttermilk; Cheese,
N196,Frozenpure Ice Crenm Co.,Louisville,Kentucky,N.D.P.C.,"""11/4/29""",1929-11-04,Ice Cream,
N197,The Kenmore Barberton Milk Co.,Kenmore,Ohio,N.D.P.C.,"""11/4/29""",1929-11-04,Milk; Cream; Cheese; Other Milk Products,
N198,Sugar Creek Creamery Co.,Danville,Illinois,N.D.P.C.,"""11/19/29""",1929-11-19,Butter; Milk; Cream; Other Milk Products,
N199,Golden Grain Butter Co.,Cape Girardeau,Missouri,N.D.P.C.,"""11/19/29""",1929-11-19,Butter; Cream,
N200,Lange Creamery Co.,Omaha,Nebraska,N.D.P.C.,"""11/19/29""",1929-11-19,Butter; Cream,
N201,Marshall Milk & Cream Co.,Marshall,Illinois,N.D.P.C.,"""11/19/29""",1929-11-19,Milk; Cream,
N202,Sugar Creek Butter Co.,Orlando,Florida,N.D.P.C.,"""11/19/29""",1929-11-19,Butter,
N203,Gray Von Allmen Sanitary Milk Co.,Louisville,Kentucky,N.D.P.C.,"""11/21/29""",1929-11-21,Milk; Butter; Cream; Other Milk Products,
N204,Belleville Pure Milk & Ice Cr. Co.,Belleville,Illinois,(N.D.P.C. ?),"""11/22/29""",1929-11-22,Milk; Cream; Ice Cream; Butter; Cheese,N.D.P.C. Annual Report
N205,D. H. Ewing's Sons,Louisville,Kentucky,N.D.P.C.,"""11/26/29""",1929-11-26,Milk; Cream; Butter; Cheese; Other Milk Products,
N206,Ott Dairy Co.,Cleveland,Ohio,N.D.P.C.,"""12/1/29""",1929-12-01,Milk; Cream,
N207,Highland Dairy Farms Co.,St. Louis,Missouri,N.D.P.C.,"""12/14/29""",1929-12-14,Milk; Cream; Butter; Cheese; Other Milk Products,
N208,"Creme-Freez, Inc.",Jamaica Plain,Massachusetts,General Ice Cream Corp.,"""12/16/29""",1929-12-16,Ice Cream,
N209,"Creme-Freez of Lynn, Inc.",Lynn,Massachusetts,General Ice Cream Corp.,"""12/16/29""",1929-12-16,Ice Cream,
N210,The Ideal Sweets Co.,Kankakee,Illinois,N.D.P.C.,"""12/30/29""",1929-12-30,Ice Cream,
N211,Plymouth Rock Tre Cream Co.,North Abington,Massachusetts,N.D.P.C.,"""12/31/29""",1929-12-31,Ice Cream,
N212,E. P. Kaufman,Youngstown,Ohio,Youngstown Sanitary Milk Co.,"""12/-/29""",1929-12-xx,Milk,
N213,Mike Paphul,Youngstown,Ohio,Youngstown Sanitary Milk Co.,"""12/-/29""",1929-12-xx,Milk,
N214,New Milford Milk Co.,New Milford,Pennsylvania,"Sheffield Farms Co., Inc.","""1/9/30""",1930-01-09,Milk,
N215,Schorr-Heinlein Dairy,Crafton,Pennsylvania,Rieck-McJunkin Dairy Co.,"""1/16/30""",1930-01-16,Milk,
N216,Blumer Products Co.,Monroe,Wisconsin,Allen Ice Cream Co.,"""1/31/30""",1930-01-31,Ice Cream; Beverages,
N217,Kraft-Phenix Cheese Corp.,Chicago,Illinois,N.D.P.C.,"""3/17/30""",1930-03-17,Cheese; Dairy Prod.,
N218,Atlas Dry Milk Co.,Chico,California,N.D.P.C.,"""3/17/30""",1930-03-17,Dry Milk,
N219,Badger-Brodhead Cheese Co.,Monroe,Wisconsin,N.D.P.C.,"""3/17/30""",1930-03-17,Cheese; Other Milk Products,
N220,Betz & Jay N. V. Kashandl,Rotterdam,_Holland,N.D.P.C.,"""3/17/30""",1930-03-17,Cheese,
N221,Bitter-Root-Ravalli Dairy Prod. Co.,Hamilton,Montana,N.D.P.C.,"""3/17/30""",1930-03-17,Butter Cheese; Other Milk Products,
N222,Bradley Cheese Co.,Pittsburgh,Pennsylvania,N.D.P.C.,"""3/17/30""",1930-03-17,Cheese; Mayonnaise,
N223,C. R. Cheney Co.,Los Angeles,California,N.D.P.C.,"""3/17/30""",1930-03-17,Cheese; Salad Dressings,
N224,"Castles Products, Inc.",Los Angeles,California,N.D.P.C.,"""3/17/30""",1930-03-17,Cheese; Salad Dressings,
N225,"Cloverleaf Creameries, Inc.",Decatur,Indiana,N.D.P.C.,"""3/17/30""",1930-03-17,Butter; Cheese; Ice Cream; Other Milk Products,
N226,Food Specialties Distributing Co.,Dayton,Ohio,N.D.P.C.,"""3/17/30""",1930-03-17,Cheese; Mayonnaise,
N227,Gelfand Manufacturing Co.,Baltimore,Maryland,N.D.P.C.,"""3/17/30""",1930-03-17,Mayonnaise,
N228,Greenwood Dairy,Salem,Oregon,N.D.P.C.,"""3/17/30""",1930-03-17,Butter; Cheese,
N229,Grover-Ansted Cheese Co.,Toledo,Ohio,N.D.P.C.,"""3/17/30""",1930-03-17,Cheese; Mayonnaise,
N230,Henard Mayonnaise Co.,Nashville,Tennessee,N.D.P.C.,"""3/17/30""",1930-03-17,Mayonnaise,
N231,Karlem-Bickelhaupt Co.,Rome,New York,N.D.P.C.,"""3/17/30""",1930-03-17,Cheese,
N232,Kraft Cheese Co. Ltd.,Hayes,_England,N.D.P.C.,"""3/17/30""",1930-03-17,Cheese,
N233,Kraft Cheese Co. G.m.b.H.,Hamburg,_Germany,N.D.P.C.,"""3/17/30""",1930-03-17,Cheese,
N234,Kraft-Phenix Cheese Co. Ltd.,Montreal,_Canada,N.D.P.C.,"""3/17/30""",1930-03-17,Cheese; Mayonnaise,
N235,Kraft-Phenix Cheese Co. of Cuba,Havana,_Cuba,N.D.P.C.,"""3/17/30""",1930-03-17,Cheese,
N236,Kraft-Phenix Cheese Corp. of the South,Chicago,Illinois,N.D.P.C.,"""3/17/30""",1930-03-17,Cheese; Cream Curd,
N237,Kraft Phenix Cheese Corp. of Wis.,Plymouth,Wisconsin,N.D.P.C.,"""3/17/30""",1930-03-17,Cheese,
N238,"Kraft-Phenix Dairies, Inc.",Wausau,Wisconsin,N.D.P.C.,"""3/17/30""",1930-03-17,Butter; Cheese; Other Milk Products,
N239,Kraft-Walker Cheese Co. Prop. Ltd.,Melbourne,_Australia,N.D.P.C.,"""3/17/30""",1930-03-17,Cheese,
N240,Laabs Cheese Co.,Curtiss,Wisconsin,N.D.P.C.,"""3/17/30""",1930-03-17,Cheese,
N241,Maher Cheese Co.,San Francisco,California,N.D.P.C.,"""3/17/30""",1930-03-17,Cheese,
N242,Miller-Richardson Co. Inc.,Lowville,New York,N.D.P.C.,"""3/17/30""",1930-03-17,Cheese,
N243,"Missoula Creamery, Inc.",Missoula,Montana,N.D.P.C.,"""3/17/30""",1930-03-17,Butter; Cream; Ice Cream; Eggs,
N244,National Cheese Co.,Chicago,Illinois,N.D.P.C.,"""3/17/30""",1930-03-17,Cheese,
N245,Oakdale Dairy Co. Inc.,New York,New York,N.D.P.C.,"""3/17/30""",1930-03-17,Sour Cream; Cheese; Butter,
N246,Phenix Cheese Co. Ltd.,London,_England,N.D.P.C.,"""3/17/30""",1930-03-17,Cheese,
N247,Porter Cheese Co.,Somerville,Massachusetts,N.D.P.C.,"""3/17/30""",1930-03-17,Kraft's Products,
N248,Purity Creamery Prod. Inc.,New York,New York,N.D.P.C.,"""3/17/30""",1930-03-17,Cream; Cheese,
N249,Red Rock Dairy,Portland,Oregon,N.D.P.C.,"""3/17/30""",1930-03-17,Cheese; Butter,
N250,Red Rock Creamery,Kent,Washington,N.D.P.C.,"""3/17/30""",1930-03-17,Cheese; Butter,
N251,Sanchez Cheese Co.,Chicago,Illinois,N.D.P.C.,"""3/17/30""",1930-03-17,Cheese,
N252,Sauquoit Valley Dairy Co. Inc.,Utica,New York,N.D.P.C.,"""3/17/30""",1930-03-17,Cheese,
N253,Sentinel Creamery Inc.,Missoula,Montana,N.D.P.C.,"""3/17/30""",1930-03-17,Butter; Other Dairy Prod.,
N254,Sheboygan Cheese Co.,Sheboygan,Wisconsin,N.D.P.C.,"""3/17/30""",1930-03-17,Cheese,
N255,C. A. Straubel Co.,Greenbay,Wisconsin,N.D.P.C.,"""3/17/30""",1930-03-17,Cheese,
N256,"Southern Dairies, Inc.",Washington,D.C.,N.D.P.C.,"""3/17/30""",1930-03-17,Holding Co.,
N257,"Chapin-Sacks, Inc.",Washington,D.C.,N.D.P.C.,"""3/17/30""",1930-03-17,Holding Co.,
N258,Chapin-Sacks Corp.,Richmond,Virginia,N.D.P.C.,"""3/17/30""",1930-03-17,Ice Cream; Other Milk Products,
N259,Purity Ice Cr. & Dairy Co. of Fla.,Jacksonville,Florida,N.D.P.C.,"""3/17/30""",1930-03-17,Ice Cream,
N260,"Southern Dairies, Inc.",Richmond,Virginia,N.D.P.C.,"""3/17/30""",1930-03-17,Ice Cream; Milk; Milk Products,
N261,Southern Dairies of Cuba,S.A.Havana,_Cuba,N.D.P.C.,"""3/17/30""",1930-03-17,Ice Cream; Milk; Milk Products,
N262,"Southern Dairies of Florida, Inc.",Jacksonville,Florida,N.D.P.C.,"""3/17/30""",1930-03-17,Ice Cream,
N263,"Southern Dairies of Alabama, Inc.",Montgomery,Alabama,N.D.P.C.,"""3/17/30""",1930-03-17,Ice Cream; Milk; Milk Products,
N264,Tuttle Cheese Co. Inc.,Oakland,California,N.D.P.C.,"""3/17/30""",1930-03-17,Cheese,
N265,Valley Cheese Co.,Cincinnati,Ohio,N.D.P.C.,"""3/17/30""",1930-03-17,Cheese; Mayonnaise,
N266,Ward Dry Milk Co.,St. Paul,Minnesota,N.D.P.C.,"""3/17/30""",1930-03-17,Dry Milk; Dry Skim Milk; Dry Buttermilk; Sweetened Condensed Skim Milk,
N267,Wheeler Cheese Co. Inc.,Brooklyn,New York,N.D.P.C.,"""3/17/30""",1930-03-17,Full line of Krasft Products,
N268,Howard Moore,Detroit,Michigan,Ebling Creamery Co.,"""3/24/30""",1930-03-24,Milk,
N269,Lee Blue Ice Cr. & Bottling Co.,Red Oak,Iowa,N.D.P.C.,"""3/26/30""",1930-03-26,Ice Cream; Butter; Other Milk Products; Beverages,
N270,Jersey Ice Cream Co.,Toledo,Ohio,N.D.P.C.,"""3/27/30""",1930-03-27,Ice Cream,
N271,Erwin E. Knapp,Detroit,Michigan,Ebling Creamery Co.,"""4/1/30""",1930-04-01,Milk,
N272,Sanitary Dairy Co.,O'Neill,Nebraska,Harding Creamery,"""3/1/30""",1930-03-01,Milk,
N273,Chapman Dairy Co.,Kansas City,Missouri,N.D.P.C.,"""4/25/30""",1930-04-25,Milk; Cream; Butter; Other Milk Products,
N274,Theodore Korte,Detroit,Michigan,Ebling Creamery Co.,"""4/26/30""",1930-04-26,Milk,
N275,Brighton Place Dairy Co.,Rochester,New York,N.D.P.C.,"""5/1/30""",1930-05-01,Milk; Cream,
N276,Puritan Dairy Co.,Akron,Ohio,The Akron Pure Milk Co.,"""5/16/30""",1930-05-16,Milk,
N277,"Shellenburger,_Charles H.",Youngstown,Ohio,The Youngstown Sanitary Milk Co.,"""6/4/30""",1930-06-04,Milk,
N278,"Lee Lewis, Inc.",Louisville,Kentucky,N.D.P.C.,"""6/19/30""",1930-06-19,Ice Cream,
N279,Nauman's Dairy,Pittsburgh,Pennsylvania,Rieck-McJunkin Dairy Co.,"""6/19/30""",1930-06-19,Milk,
N280,R. A. Fash Company,Everett,Massachusetts,N.D.P.C.,"""6/23/30""",1930-06-23,Ice Cream,
N281,"R. G. Miller & Sons, Inc.",Hartford,Connecticut,N.D.P.C.,"""6/25/30""",1930-06-25,Milk; Cream; Other Milk Products,
N282,Jersey Ice Cream Co. Inc.,Schenectady,New York,N.D.P.C.,"""7/22/30""",1930-07-22,Ice Cream,
N283,Harry J. Sloan,Detroit,Michigan,Ebling Creamery Company,"""8/7/30""",1930-08-07,Milk,
N284,Omaha Ice Cream Co.,Omaha,Nebraska,Harding Cream Co.,"""8/16/30""",1930-08-16,Ice Cream,
N285,"Province Line Dairy, Inc.",Princeton,New Jersey,Supplee-Wills-Jones Milk Co.,"""8/30/30""",1930-08-30,Milk,
N286,Western Maryland Dairy Corp.,Baltimore,Maryland,N.D.P.C.,"""9/17/30""",1930-09-17,Milk; Cream; Butter; Cheese; Other Milk Products,
N287,"Millers Dairy, Inc.",Baltimore,Maryland,N.D.P.C.,"""9/25/30""",1930-09-25,Milk; Cream,
N288,Barrett Riedoni,Dowagiac,Michigan,N.D.P.C.,"""9/25/30""",1930-09-25,Milk; Ice Cream,
N289,"Chevy Chase Dairy, Inc.",Washington,D.C.,N.D.P.C.,"""10/11/30""",1930-10-11,Milk; Cream; Butter; Cheese; Other Milk Products,
N290,"Murray Hill Farms Dairy, Inc.",New York,New York,N.D.P.C.,"""10/16/30""",1930-10-16,Milk; Cream; Butter; Other Milk Products,
N291,Cyrus G. Lathers,Detroit,Michigan,N.D.P.C.,"""10/21/30""",1930-10-21,Milk,
N292,The Luxury Mayoinnaise Co.,New York,New York,N.D.P.C.,"""11/5/30""",1930-11-05,Mayonnaise,
N293,Ladysmith Cheese Co.,Freeport,Illinois,N.D.P.C.,"""12/11/30""",1930-12-11,Cheese,
N294,Henry Dister,Youngstown,Ohio,The Youngstown Sanitary Milk Co.,"""12/18/30""",1930-12-18,Milk,
N295,Capital Food Products Co.,Dallas,Texas,N.D.P.C.,"""1/10/31""",1931-01-10,Mayonnaise,
N296,W. H. Taro,Malone,New York,General Ice Cream Corp.,"""1/29/31""",1931-01-29,Ice Cream,
N297,"Purity Ice Cream A'Creamery Co., Inc.",Rome,Georgia,"Southern Dairies, Fla., Inc.","""1/31/31""",1931-01-31,Ice Cream; Milk,
N298,"Dalton Creamery Co., Inc.",Rome,Georgia,"Southern Dairies, Fla., Inc.","""1/31/31""",1931-01-31,Ice Cream; Milk,
N299,Acme Dairy,Baltimore,Maryland,"Miller's Dairy, Inc.","""2/4/31""",1931-02-04,Milk,
N300,E. J. Schwartz Distributing Co.,Rochester,New York,N.D.P.C.,"""2/7/31""",1931-02-07,Cheese; Mayonnaise,
N301,Jodrie Distributing Co.,Springfield,Massachusetts,Kraft-Phenix,"""3/7/31""",1931-03-07,Cheese; Mayonnaise,
N302,Joseph J. Senesky,Detroit,Michigan,Ebling Creamery Co.,"""3/7/31""",1931-03-07,Milk,
N303,Frederick Griesner,New York,New York,"Oakdale Dairy Co., Inc.","""3/11/31""",1931-03-11,Cheese,
N304,The Echo Vale Creamery Co.. Inc.,Bedford,Pennsylvania,Laher Ice Cream Co.,"""3/26/31""",1931-03-26,Milk; Milk Products,
N305,New Kingston Cheese Co. Inc.,New York,New York,"Breakstone Bros., Inc.","""4/1/31""",1931-04-01,Cream; Butter; Other Milk Products; Eggs,
N306,Eck & Fisher Ice Cream Company,Allentown,Pennsylvania,Supplee-Wills-Jones Milk Co.,"""4/20/31""",1931-04-20,Ice Cream,
N307,"Richmond Cooperative Assn., Inc.",Richmond,Vermont,General Ice Cr. Corp.,"""4/25/31""",1931-04-25,Ice Cream,
N308,The Miller Dairy Co.,New Canaan,Connecticut,N.D.P.C.,"""5/1/31""",1931-05-01,Milk; Cream,
N309,Ashtabula Pure Milk Co.,Ashtabula,Ohio,N.D.P.C.,"""5/25/31""",1931-05-25,Milk; Cream,
N310,Consolidated Dairy Products Co.,Long Island City,New York,N.D.P.C.,"""6/17/31""",1931-06-17,Ice Cream,
N311,Consolidated Dairy Prod. Co.,Passaic,New Jersey,N.D.P.C.,"""6/17/31""",1931-06-17,Ice Cream,
N312,Maiden Ice Cream Co.,Malden,Massachusetts,N.D.P.C.,"""6/26/31""",1931-06-26,Ice Cream,
N313,"D. W. Whitmore & Co., Inc.",New York,New York,Kraft-Phenix,"""7/28/31""",1931-07-28,Cheese; Butter,
N314,"Fort Schuyler Farms, Inc.",Utica,New York,"Sheffield Farms Co., Inc.","""8/6/31""",1931-08-06,Milk; Cream,
N315,Carl L. Kelley,Lexington,Kentucky,Kraft-Phenix,"""8/27/31""",1931-08-27,Cheese,
N316,The Manchester Dairy Ice Cr. Co.,So. Manchester,Connecticut,General Ice Cream Corp.,"""9/2/31""",1931-09-02,Ice Cream,
N317,Marley Farm Products Co.,Newark,New Jersey,"Breakstone Bros., Inc.","""9/24/32""",1932-09-24,Milk; Milk Products,
N318,"Rogers Ice Cream Co., Inc.",Poughkeepsie,New York,General Ice Cream Corp.,"""2/15/32""",1932-02-15,Ice Cream,
N319,"Dake Dairy Products Co., Inc.",Greenfield,New York,General Ice Cream Corp.,"""3/22/32""",1932-03-22,Ice Cream,
N320,"Quality Ice Creams, Inc.",Cleveland,Ohio,The Telling Belle-Vernon Co.,"""11/16/32""",1932-11-16,Ice Cream,
N321,Davis Cheese Company,Plymouth,Wisconsin,Kraft-Phenix,"""1/1/33""",1933-01-01,Cheese,
N322,"Shore Road Dairy Products, Inc.",Brooklyn,New York,Merit Dairy Prod. Corp. (likely asset acquisition by N.D.P.C.),"""4/17/33""",1933-04-17,Cream; Cheese,
N323,"Dairy Valley Cheese, Ltd.,_London",Ontario,_Canada,Kraft-Phenix,"""4/29/33""",1933-04-29,Cheese,
N324,A. Quinn's Sons,Brooklyn,New York,Kraft-Phenix,"""5/22/33""",1933-05-22,Cheese; Sour Cream,
N325,"Columbine Creamery Co., Ltd.",Long Beach,California,Kraft-Phenix,"""6/1/33""",1933-06-01,Cheese; Mayonnaise,
N326,"Columbine Creamery Co.,_of Ariz.",Phoenix,Arizona,Kraft-Phenix,"""6/1/33""",1933-06-01,Cheese; Mayonnaise,
N327,"Weidman Ice Cr. Co., Inc.",Olean,New York,"Roberts Dairy, Inc.","""8/13/33""",1933-08-13,Ice Cream,
N328,"Meyer Schurr Dairy Prod., Inc.",Brooklyn,New York,Merit Dairy Prod. Corp. (likely asset acquisition by N.D.P.C.),"""7/26/33""",1933-07-26,Wholesale Cream Cheese; Butter,
N329,Premier-Pabst Corp.,Milwaukee,Wisconsin,Kraft-Phenix,"""10/19/33""",1933-10-19,Cheese,
N330,Mose Deyo,Cairo,New York,General Ice Cream Corp.,"""12/14/33""",1933-12-14,Ice Cream,
N331,"Hodgson-Rowson Co., Ltd.",Montreal,_Canada,Kraft-Phenix,"""12/14/33""",1933-12-14,Cheese,
N332,"Seaboard Creameries, Inc.",Norfolk,Virginia,"Southern Dairies, Inc.","""11/28/33""",1933-11-28,Ice Cream,
N333,"Lang's Ice Cream, Inc.",Buffalo,New York,General Ice Cream Corp.,"""3/5/34""",1934-03-05,Ice Cream,
N334,"Claire R. Quereau, Inc.",Philadelphia,Pennsylvania,Kraft-Phenix,"""5/25/34""",1934-05-25,Cheese,
N335,Allentown Cheese Co.,Allentown,Pennsylvania,Kraft-Phenix,"""6/6/34""",1934-06-06,Cheese,
N336,"Dutchland Farms, Inc.",Brockton,Massachusetts,General Ice Cream Corp.,"""6/29/34""",1934-06-29,Ice Cream; Other Milk Produts,
N337,"Elmhurst Special Milk Co., Inc.",Buffalo,New York,"Dodds Alderney Dairy, Inc.","""6/29/34""",1934-06-29,Milk,
N338,"George E. Trask, Inc.",East Hartford,Connecticut,Kraft-Phenix,"""6/30/34""",1934-06-30,Cheese,
N339,"Plummer & Silverman, Inc.",Providence,Rhode Island,Kraft-Phenix,"""6/30/34""",1934-06-30,Cheese,
N340,"Maloney-Davidson Co., Inc.",Louisville,Kentucky,Maloney-Davidson Foods Service Co. (actual acquisition doubtful),"""8/1/34""",1934-08-01,Cheese,
N341,Pyburn Co.,Atlanta,Georgia,Kraft-Phenix,"""10/20/34""",1934-10-20,Cheese,
N342,P. E. Sharpless Company,Philadelphia,Pennsylvania,Kraft-Phenix,"""10/31/34""",1934-10-31,Cheese; Dairy Products,
N343,"The Harold Graham Dairies, Inc.",Hartford,Connecticut,"R. G. Miller & Sons, Inc.","""1/7/35""",1935-01-07,Milk; Milk Products,
N344,Caum Ice Cream Company,Altoona,Pennsylvania,Rieck-McJunkin Dairy Company,"""3/27/35""",1935-03-27,Ice Cream; Milk,
N345,"Southland Dairy Products Company, Inc.",Jacksonville,Florida,"Southern Dairies, Inc.","""4/25/35""",1935-04-25,Ice Cream; Milk,
N346,"Frank M. Ferguson Co., Inc.",Oakland,California,(Kraft Associated Distributors?),"""6/1/35""",1935-06-01,Cheese,N.D.P.C. Annual Report
N347,"Disher Cheese Co., Inc.",Syracuse,New York,Kraft-Phenix,"""6/12/35""",1935-06-12,Cheese; Other Milk Products,
N348,Colonial Ice Cream Co.,East Providence,Rhode Island,General Ice Cream Corp.,"""8/6/35""",1935-08-06,Ice Cream,
N349,"Colonial Ice Cream Co., Inc.",Norfolk,Virginia,"Southern Dairies, Inc.","""11/7/35""",1935-11-07,Ice Cream,
N350,"Utica Cheese Co., Inc.",Utica,New York,Kraft-Phenix,"""11/12/35""",1935-11-12,Cheese,
N351,Gray Gables Dairy,Kansas City,Missouri,Chapman Dairy Co.,"""11/20/35""",1935-11-20,Milk; Milk Products,
N352,"Meyer's Frozen Delicacies, Inc.",Buffalo,New York,"Roberts Dairy, Inc.","""12/23/35""",1935-12-23,Ice Cream,
N353,"Flint & Fulton, Inc.,_trading as ""Monmouth Ice Cream Co.""",Asbury Park,New Jersey,Breyer Ice Cream Co.,"""1/2/36""",1936-01-02,Ice Cream,
N354,"Piedmont Ice Cream Co., Inc.",Salisbury,North Carolina,"Southern Dairies, Inc.","""1/3/36""",1936-01-03,Ice Cream,
N355,"Local Milk Products, Inc.",Brooklyn,New York,"Muller Dairies, Inc. (operated under N.D.P.C.)","""1/13/36""",1936-01-13,Milk,
N356,Rutland Ice Cream Company,Rutland,Vermont,General Ice Cream Corp.,"""1/28/36""",1936-01-28,Ice Cream,
N357,The Annapolis Dairy Products . Co.,Annapolis,Maryland,Annapolis Maid Ice Cream Co.,"""4/24/36""",1936-04-24,Ice Cream,
N358,Yerdon Ice Cream Co.,Utica,New York,General Ice Cream Corp.,"""5/28/36""",1936-05-28,Ice Cream,
N359,Windsor Evaporated Milk Co.,Cleveland,Ohio,(N.D.P.C. ?),"""7/2/36""",1936-07-02,Fluid Milk; Cream,N.D.P.C. Annual Report
N360,Macomber Ice Cream Co.,New Bedford,Massachusetts,(N.D.P.C. ?),"""8/1/36""",1936-08-01,Ice Cream,N.D.P.C. Annual Report
N361,Bushway-Whiting Ice Cream Co.,Boston,Massachusetts,(N.D.P.C. ?),"""10/31/36""",1936-10-31,Ice Cream,N.D.P.C. Annual Report
N362,Maple Brook-Dairy Co.,Painesville,Ohio,(not acquired?),"""4/1/37""",1937-04-01,Fluid Milk; Cream,"still alive in 1943, https://archive.org/details/CAT31069360/page/519/mode/1up?q=Maple+Brook"
